t,I,V
0.0,5.004236398948204,25.021181994741017
0.01,5.005236398948204,25.02618199474102
0.02,5.006236398948204,25.03118199474102
0.03,5.007236398948204,25.036181994741018
0.04,5.0082363989482035,25.041181994741017
0.05,5.009236398948204,25.04618199474102
0.06,5.010236398948204,25.051181994741018
0.07,5.011236398948204,25.056181994741017
0.08,5.012236398948204,25.06118199474102
0.09,5.013236398948204,25.06618199474102
0.1,5.014236398948204,25.071181994741018
0.11,5.015236398948204,25.07618199474102
0.12,5.0162363989482035,25.081181994741016
0.13,5.017236398948204,25.08618199474102
0.14,5.018236398948204,25.09118199474102
0.15,5.019236398948204,25.096181994741016
0.16,5.020236398948204,25.10118199474102
0.17,5.021236398948204,25.10618199474102
0.18,5.022236398948204,25.111181994741017
0.19,5.023236398948204,25.11618199474102
0.2,5.0242363989482035,25.121181994741015
0.21,5.025236398948204,25.126181994741017
0.22,5.026236398948204,25.13118199474102
0.23,5.027236398948204,25.136181994741015
0.24,5.028236398948204,25.141181994741018
0.25,5.029236398948204,25.14618199474102
0.26,5.030236398948204,25.151181994741016
0.27,5.031236398948204,25.15618199474102
0.28,5.0322363989482035,25.161181994741018
0.29,5.033236398948204,25.166181994741017
0.3,5.034236398948204,25.17118199474102
0.31,5.035236398948204,25.176181994741018
0.32,5.036236398948204,25.181181994741017
0.33,5.037236398948204,25.18618199474102
0.34,5.038236398948204,25.19118199474102
0.35000000000000003,5.039236398948204,25.196181994741018
0.36,5.0402363989482035,25.201181994741017
0.37,5.041236398948204,25.20618199474102
0.38,5.042236398948204,25.21118199474102
0.39,5.043236398948204,25.216181994741017
0.4,5.044236398948204,25.22118199474102
0.41000000000000003,5.045236398948204,25.22618199474102
0.42,5.046236398948204,25.231181994741018
0.43,5.047236398948204,25.23618199474102
0.44,5.0482363989482035,25.241181994741016
0.45,5.049236398948204,25.24618199474102
0.46,5.050236398948204,25.25118199474102
0.47000000000000003,5.051236398948204,25.256181994741016
0.48,5.052236398948204,25.26118199474102
0.49,5.053236398948204,25.26618199474102
0.5,5.054236398948204,25.271181994741017
0.51,5.055236398948204,25.27618199474102
0.52,5.0562363989482035,25.281181994741015
0.53,5.057236398948204,25.286181994741018
0.54,5.058236398948204,25.29118199474102
0.55,5.059236398948204,25.296181994741016
0.56,5.060236398948204,25.301181994741018
0.5700000000000001,5.061236398948204,25.30618199474102
0.58,5.062236398948204,25.311181994741016
0.59,5.063236398948204,25.31618199474102
0.6,5.0642363989482035,25.321181994741018
0.61,5.065236398948204,25.326181994741017
0.62,5.066236398948204,25.33118199474102
0.63,5.067236398948204,25.33618199474102
0.64,5.068236398948204,25.341181994741017
0.65,5.069236398948204,25.34618199474102
0.66,5.070236398948204,25.35118199474102
0.67,5.071236398948204,25.356181994741018
0.68,5.0722363989482036,25.361181994741017
0.6900000000000001,5.073236398948204,25.36618199474102
0.7000000000000001,5.074236398948204,25.37118199474102
0.71,5.075236398948204,25.376181994741017
0.72,5.076236398948204,25.38118199474102
0.73,5.077236398948204,25.38618199474102
0.74,5.078236398948204,25.391181994741018
0.75,5.079236398948204,25.39618199474102
0.76,5.080236398948204,25.401181994741016
0.77,5.081236398948204,25.40618199474102
0.78,5.082236398948204,25.41118199474102
0.79,5.083236398948204,25.416181994741017
0.8,5.084236398948204,25.42118199474102
0.81,5.085236398948204,25.42618199474102
0.8200000000000001,5.086236398948204,25.431181994741017
0.8300000000000001,5.087236398948204,25.43618199474102
0.84,5.088236398948204,25.441181994741015
0.85,5.089236398948204,25.446181994741018
0.86,5.090236398948204,25.45118199474102
0.87,5.091236398948204,25.456181994741016
0.88,5.092236398948204,25.46118199474102
0.89,5.093236398948204,25.46618199474102
0.9,5.094236398948204,25.471181994741016
0.91,5.095236398948204,25.47618199474102
0.92,5.096236398948204,25.481181994741018
0.93,5.097236398948204,25.486181994741017
0.9400000000000001,5.098236398948204,25.49118199474102
0.9500000000000001,5.099236398948204,25.49618199474102
0.96,5.100236398948204,25.501181994741017
0.97,5.101236398948204,25.50618199474102
0.98,5.102236398948204,25.51118199474102
0.99,5.103236398948204,25.516181994741018
1.0,5.104236398948204,25.521181994741017
1.01,5.105236398948204,25.52618199474102
1.02,5.106236398948204,25.53118199474102
1.03,5.107236398948204,25.536181994741018
1.04,5.108236398948204,25.54118199474102
1.05,5.109236398948204,25.54618199474102
1.06,5.110236398948204,25.551181994741018
1.07,5.111236398948204,25.55618199474102
1.08,5.112236398948204,25.561181994741016
1.09,5.113236398948204,25.56618199474102
1.1,5.114236398948204,25.57118199474102
1.11,5.115236398948204,25.576181994741017
1.12,5.116236398948204,25.58118199474102
1.1300000000000001,5.117236398948204,25.586181994741022
1.1400000000000001,5.118236398948204,25.591181994741017
1.1500000000000001,5.119236398948204,25.59618199474102
1.16,5.120236398948204,25.601181994741015
1.17,5.121236398948204,25.606181994741018
1.18,5.122236398948204,25.61118199474102
1.19,5.123236398948204,25.616181994741016
1.2,5.124236398948204,25.62118199474102
1.21,5.1252363989482035,25.626181994741017
1.22,5.126236398948204,25.631181994741016
1.23,5.127236398948204,25.63618199474102
1.24,5.128236398948204,25.641181994741018
1.25,5.129236398948204,25.646181994741017
1.26,5.130236398948204,25.65118199474102
1.27,5.131236398948204,25.65618199474102
1.28,5.132236398948204,25.661181994741018
1.29,5.133236398948204,25.66618199474102
1.3,5.134236398948204,25.67118199474102
1.31,5.135236398948204,25.676181994741018
1.32,5.136236398948204,25.681181994741017
1.33,5.137236398948204,25.68618199474102
1.34,5.138236398948204,25.69118199474102
1.35,5.139236398948204,25.696181994741018
1.36,5.140236398948204,25.70118199474102
1.37,5.1412363989482035,25.706181994741016
1.3800000000000001,5.142236398948204,25.71118199474102
1.3900000000000001,5.143236398948204,25.71618199474102
1.4000000000000001,5.144236398948204,25.721181994741016
1.41,5.145236398948204,25.72618199474102
1.42,5.146236398948204,25.73118199474102
1.43,5.147236398948204,25.736181994741017
1.44,5.148236398948204,25.74118199474102
1.45,5.1492363989482035,25.746181994741015
1.46,5.150236398948204,25.751181994741017
1.47,5.151236398948204,25.75618199474102
1.48,5.152236398948204,25.761181994741015
1.49,5.153236398948204,25.766181994741018
1.5,5.154236398948204,25.77118199474102
1.51,5.155236398948204,25.776181994741016
1.52,5.156236398948204,25.78118199474102
1.53,5.1572363989482035,25.786181994741018
1.54,5.158236398948204,25.791181994741017
1.55,5.159236398948204,25.79618199474102
1.56,5.160236398948204,25.801181994741018
1.57,5.161236398948204,25.806181994741017
1.58,5.162236398948204,25.81118199474102
1.59,5.163236398948204,25.81618199474102
1.6,5.164236398948204,25.821181994741018
1.61,5.165236398948204,25.82618199474102
1.62,5.166236398948204,25.83118199474102
1.6300000000000001,5.167236398948204,25.83618199474102
1.6400000000000001,5.168236398948204,25.841181994741017
1.6500000000000001,5.169236398948204,25.84618199474102
1.6600000000000001,5.170236398948204,25.85118199474102
1.67,5.171236398948204,25.856181994741018
1.68,5.172236398948204,25.86118199474102
1.69,5.1732363989482035,25.866181994741016
1.7,5.174236398948204,25.87118199474102
1.71,5.175236398948204,25.87618199474102
1.72,5.176236398948204,25.881181994741016
1.73,5.177236398948204,25.88618199474102
1.74,5.178236398948204,25.89118199474102
1.75,5.179236398948204,25.896181994741017
1.76,5.180236398948204,25.90118199474102
1.77,5.1812363989482035,25.906181994741015
1.78,5.182236398948204,25.911181994741018
1.79,5.183236398948204,25.91618199474102
1.8,5.184236398948204,25.921181994741016
1.81,5.185236398948204,25.926181994741018
1.82,5.186236398948204,25.93118199474102
1.83,5.187236398948204,25.936181994741016
1.84,5.188236398948204,25.94118199474102
1.85,5.1892363989482035,25.946181994741018
1.86,5.190236398948204,25.951181994741017
1.87,5.191236398948204,25.95618199474102
1.8800000000000001,5.192236398948204,25.96118199474102
1.8900000000000001,5.193236398948204,25.966181994741017
1.9000000000000001,5.194236398948204,25.97118199474102
1.9100000000000001,5.195236398948204,25.97618199474102
1.92,5.196236398948204,25.981181994741018
1.93,5.1972363989482036,25.986181994741017
1.94,5.198236398948204,25.99118199474102
1.95,5.199236398948204,25.99618199474102
1.96,5.200236398948204,26.001181994741017
1.97,5.201236398948204,26.00618199474102
1.98,5.202236398948204,26.01118199474102
1.99,5.203236398948204,26.016181994741018
2.0,5.204236398948204,26.02118199474102
2.0100000000000002,5.205236398948204,26.026181994741016
2.02,5.206236398948204,26.03118199474102
2.0300000000000002,5.207236398948204,26.03618199474102
2.04,5.208236398948204,26.041181994741017
2.05,5.209236398948204,26.04618199474102
2.06,5.210236398948204,26.05118199474102
2.07,5.211236398948204,26.056181994741017
2.08,5.212236398948204,26.06118199474102
2.09,5.213236398948204,26.066181994741015
2.1,5.214236398948204,26.071181994741018
2.11,5.215236398948204,26.07618199474102
2.12,5.216236398948204,26.081181994741016
2.13,5.217236398948204,26.08618199474102
2.14,5.218236398948204,26.09118199474102
2.15,5.219236398948204,26.096181994741016
2.16,5.220236398948204,26.10118199474102
2.17,5.221236398948204,26.106181994741018
2.18,5.222236398948204,26.111181994741017
2.19,5.223236398948204,26.11618199474102
2.2,5.224236398948204,26.12118199474102
2.21,5.225236398948204,26.126181994741017
2.22,5.226236398948204,26.13118199474102
2.23,5.227236398948204,26.13618199474102
2.24,5.228236398948204,26.141181994741018
2.25,5.229236398948204,26.146181994741017
2.2600000000000002,5.230236398948204,26.15118199474102
2.27,5.231236398948204,26.15618199474102
2.2800000000000002,5.232236398948204,26.161181994741018
2.29,5.233236398948204,26.16618199474102
2.3000000000000003,5.234236398948204,26.17118199474102
2.31,5.235236398948204,26.176181994741018
2.32,5.236236398948204,26.18118199474102
2.33,5.237236398948204,26.186181994741016
2.34,5.238236398948204,26.19118199474102
2.35,5.239236398948204,26.19618199474102
2.36,5.240236398948204,26.201181994741017
2.37,5.241236398948204,26.20618199474102
2.38,5.242236398948204,26.211181994741022
2.39,5.243236398948204,26.216181994741017
2.4,5.244236398948204,26.22118199474102
2.41,5.245236398948204,26.226181994741015
2.42,5.246236398948204,26.231181994741018
2.43,5.247236398948204,26.23618199474102
2.44,5.248236398948204,26.241181994741016
2.45,5.249236398948204,26.24618199474102
2.46,5.2502363989482035,26.251181994741017
2.47,5.251236398948204,26.256181994741016
2.48,5.252236398948204,26.26118199474102
2.49,5.253236398948204,26.266181994741018
2.5,5.254236398948204,26.271181994741017
2.5100000000000002,5.255236398948204,26.27618199474102
2.52,5.256236398948204,26.28118199474102
2.5300000000000002,5.257236398948204,26.286181994741018
2.54,5.258236398948204,26.29118199474102
2.5500000000000003,5.259236398948204,26.29618199474102
2.56,5.260236398948204,26.301181994741018
2.57,5.261236398948204,26.306181994741017
2.58,5.262236398948204,26.31118199474102
2.59,5.263236398948204,26.31618199474102
2.6,5.264236398948204,26.321181994741018
2.61,5.265236398948204,26.32618199474102
2.62,5.2662363989482035,26.331181994741016
2.63,5.267236398948204,26.33618199474102
2.64,5.268236398948204,26.34118199474102
2.65,5.269236398948204,26.346181994741016
2.66,5.270236398948204,26.35118199474102
2.67,5.271236398948204,26.35618199474102
2.68,5.272236398948204,26.361181994741017
2.69,5.273236398948204,26.36618199474102
2.7,5.274236398948204,26.371181994741022
2.71,5.275236398948204,26.376181994741017
2.72,5.276236398948204,26.38118199474102
2.73,5.277236398948204,26.386181994741015
2.74,5.278236398948204,26.391181994741018
2.75,5.279236398948204,26.39618199474102
2.7600000000000002,5.280236398948204,26.401181994741016
2.77,5.281236398948204,26.40618199474102
2.7800000000000002,5.2822363989482035,26.411181994741018
2.79,5.283236398948204,26.416181994741017
2.8000000000000003,5.284236398948204,26.42118199474102
2.81,5.285236398948204,26.426181994741018
2.82,5.286236398948204,26.431181994741017
2.83,5.287236398948204,26.43618199474102
2.84,5.288236398948204,26.44118199474102
2.85,5.289236398948204,26.446181994741018
2.86,5.2902363989482035,26.451181994741017
2.87,5.291236398948204,26.45618199474102
2.88,5.292236398948204,26.46118199474102
2.89,5.293236398948204,26.466181994741017
2.9,5.294236398948204,26.47118199474102
2.91,5.295236398948204,26.47618199474102
2.92,5.296236398948204,26.481181994741018
2.93,5.297236398948204,26.48618199474102
2.94,5.2982363989482035,26.491181994741016
2.95,5.299236398948204,26.49618199474102
2.96,5.300236398948204,26.50118199474102
2.97,5.301236398948204,26.506181994741016
2.98,5.302236398948204,26.51118199474102
2.99,5.303236398948204,26.51618199474102
3.0,5.304236398948204,26.521181994741017
3.0100000000000002,5.305236398948204,26.52618199474102
3.02,5.306236398948204,26.531181994741022
3.0300000000000002,5.307236398948204,26.536181994741018
3.04,5.308236398948204,26.54118199474102
3.0500000000000003,5.309236398948204,26.546181994741016
3.06,5.310236398948204,26.551181994741018
3.0700000000000003,5.311236398948204,26.55618199474102
3.08,5.312236398948204,26.561181994741016
3.09,5.313236398948204,26.56618199474102
3.1,5.3142363989482035,26.571181994741018
3.11,5.315236398948204,26.576181994741017
3.12,5.316236398948204,26.58118199474102
3.13,5.317236398948204,26.58618199474102
3.14,5.318236398948204,26.591181994741017
3.15,5.319236398948204,26.59618199474102
3.16,5.320236398948204,26.60118199474102
3.17,5.321236398948204,26.606181994741018
3.18,5.322236398948204,26.61118199474102
3.19,5.323236398948204,26.61618199474102
3.2,5.324236398948204,26.62118199474102
3.21,5.325236398948204,26.626181994741017
3.22,5.326236398948204,26.63118199474102
3.23,5.327236398948204,26.63618199474102
3.24,5.328236398948204,26.641181994741018
3.25,5.329236398948204,26.64618199474102
3.2600000000000002,5.330236398948204,26.651181994741016
3.27,5.331236398948204,26.65618199474102
3.2800000000000002,5.332236398948204,26.66118199474102
3.29,5.333236398948204,26.666181994741017
3.3000000000000003,5.334236398948204,26.67118199474102
3.31,5.335236398948204,26.67618199474102
3.3200000000000003,5.336236398948204,26.681181994741017
3.33,5.337236398948204,26.68618199474102
3.34,5.338236398948204,26.691181994741015
3.35,5.339236398948204,26.696181994741018
3.36,5.340236398948204,26.70118199474102
3.37,5.341236398948204,26.706181994741016
3.38,5.342236398948204,26.71118199474102
3.39,5.343236398948204,26.71618199474102
3.4,5.344236398948204,26.721181994741016
3.41,5.345236398948204,26.72618199474102
3.42,5.346236398948204,26.731181994741018
3.43,5.347236398948204,26.736181994741017
3.44,5.348236398948204,26.74118199474102
3.45,5.349236398948204,26.74618199474102
3.46,5.350236398948204,26.751181994741017
3.47,5.351236398948204,26.75618199474102
3.48,5.352236398948204,26.76118199474102
3.49,5.353236398948204,26.766181994741018
3.5,5.354236398948204,26.771181994741017
3.5100000000000002,5.355236398948204,26.77618199474102
3.52,5.356236398948204,26.78118199474102
3.5300000000000002,5.357236398948204,26.786181994741018
3.54,5.358236398948204,26.79118199474102
3.5500000000000003,5.359236398948204,26.79618199474102
3.56,5.360236398948204,26.801181994741018
3.5700000000000003,5.361236398948204,26.80618199474102
3.58,5.362236398948204,26.811181994741016
3.59,5.363236398948204,26.81618199474102
3.6,5.364236398948204,26.82118199474102
3.61,5.365236398948204,26.826181994741017
3.62,5.366236398948204,26.83118199474102
3.63,5.367236398948204,26.836181994741022
3.64,5.368236398948204,26.841181994741017
3.65,5.369236398948204,26.84618199474102
3.66,5.370236398948204,26.851181994741015
3.67,5.371236398948204,26.856181994741018
3.68,5.372236398948204,26.86118199474102
3.69,5.373236398948204,26.866181994741016
3.7,5.374236398948204,26.87118199474102
3.71,5.3752363989482035,26.876181994741017
3.72,5.376236398948204,26.881181994741016
3.73,5.377236398948204,26.88618199474102
3.74,5.378236398948204,26.891181994741018
3.75,5.379236398948204,26.896181994741017
3.7600000000000002,5.380236398948204,26.90118199474102
3.77,5.381236398948204,26.90618199474102
3.7800000000000002,5.382236398948204,26.911181994741018
3.79,5.383236398948204,26.91618199474102
3.8000000000000003,5.384236398948204,26.92118199474102
3.81,5.385236398948204,26.926181994741018
3.8200000000000003,5.386236398948204,26.931181994741017
3.83,5.387236398948204,26.93618199474102
3.84,5.388236398948204,26.94118199474102
3.85,5.389236398948204,26.946181994741018
3.86,5.390236398948204,26.95118199474102
3.87,5.3912363989482035,26.956181994741016
3.88,5.392236398948204,26.96118199474102
3.89,5.393236398948204,26.96618199474102
3.9,5.394236398948204,26.971181994741016
3.91,5.395236398948204,26.97618199474102
3.92,5.396236398948204,26.98118199474102
3.93,5.397236398948204,26.986181994741017
3.94,5.398236398948204,26.99118199474102
3.95,5.399236398948204,26.996181994741022
3.96,5.400236398948204,27.001181994741017
3.97,5.401236398948204,27.00618199474102
3.98,5.402236398948204,27.011181994741015
3.99,5.403236398948204,27.016181994741018
4.0,5.404236398948204,27.02118199474102
4.01,5.405236398948204,27.026181994741016
4.0200000000000005,5.406236398948204,27.03118199474102
4.03,5.4072363989482035,27.036181994741018
4.04,5.408236398948204,27.041181994741017
4.05,5.409236398948204,27.04618199474102
4.0600000000000005,5.410236398948204,27.051181994741018
4.07,5.411236398948204,27.056181994741017
4.08,5.412236398948204,27.06118199474102
4.09,5.413236398948204,27.06618199474102
4.1,5.414236398948204,27.071181994741018
4.11,5.415236398948204,27.07618199474102
4.12,5.416236398948204,27.08118199474102
4.13,5.417236398948204,27.08618199474102
4.14,5.418236398948204,27.091181994741017
4.15,5.419236398948204,27.09618199474102
4.16,5.420236398948204,27.10118199474102
4.17,5.421236398948204,27.106181994741018
4.18,5.422236398948204,27.11118199474102
4.19,5.4232363989482035,27.116181994741016
4.2,5.424236398948204,27.12118199474102
4.21,5.425236398948204,27.12618199474102
4.22,5.426236398948204,27.131181994741016
4.23,5.427236398948204,27.13618199474102
4.24,5.428236398948204,27.14118199474102
4.25,5.429236398948204,27.146181994741017
4.26,5.430236398948204,27.15118199474102
4.2700000000000005,5.431236398948204,27.156181994741022
4.28,5.432236398948204,27.161181994741018
4.29,5.433236398948204,27.16618199474102
4.3,5.434236398948204,27.171181994741016
4.3100000000000005,5.435236398948204,27.176181994741018
4.32,5.436236398948204,27.18118199474102
4.33,5.437236398948204,27.186181994741016
4.34,5.438236398948204,27.19118199474102
4.3500000000000005,5.4392363989482035,27.196181994741018
4.36,5.440236398948204,27.201181994741017
4.37,5.441236398948204,27.20618199474102
4.38,5.442236398948204,27.21118199474102
4.39,5.443236398948204,27.216181994741017
4.4,5.444236398948204,27.22118199474102
4.41,5.445236398948204,27.22618199474102
4.42,5.446236398948204,27.231181994741018
4.43,5.4472363989482036,27.236181994741017
4.44,5.448236398948204,27.24118199474102
4.45,5.449236398948204,27.24618199474102
4.46,5.450236398948204,27.251181994741017
4.47,5.451236398948204,27.25618199474102
4.48,5.452236398948204,27.26118199474102
4.49,5.453236398948204,27.266181994741018
4.5,5.454236398948204,27.27118199474102
4.51,5.455236398948204,27.276181994741016
4.5200000000000005,5.456236398948204,27.28118199474102
4.53,5.457236398948204,27.28618199474102
4.54,5.458236398948204,27.291181994741017
4.55,5.459236398948204,27.29618199474102
4.5600000000000005,5.460236398948204,27.30118199474102
4.57,5.461236398948204,27.306181994741017
4.58,5.462236398948204,27.31118199474102
4.59,5.463236398948204,27.316181994741015
4.6000000000000005,5.464236398948204,27.321181994741018
4.61,5.465236398948204,27.32618199474102
4.62,5.466236398948204,27.331181994741016
4.63,5.467236398948204,27.33618199474102
4.64,5.4682363989482035,27.341181994741017
4.65,5.469236398948204,27.346181994741016
4.66,5.470236398948204,27.35118199474102
4.67,5.471236398948204,27.356181994741018
4.68,5.472236398948204,27.361181994741017
4.69,5.473236398948204,27.36618199474102
4.7,5.474236398948204,27.37118199474102
4.71,5.475236398948204,27.376181994741017
4.72,5.476236398948204,27.38118199474102
4.73,5.477236398948204,27.38618199474102
4.74,5.478236398948204,27.391181994741018
4.75,5.479236398948204,27.396181994741017
4.76,5.480236398948204,27.40118199474102
4.7700000000000005,5.481236398948204,27.40618199474102
4.78,5.482236398948204,27.411181994741018
4.79,5.483236398948204,27.41618199474102
4.8,5.4842363989482035,27.421181994741016
4.8100000000000005,5.485236398948204,27.426181994741018
4.82,5.486236398948204,27.43118199474102
4.83,5.487236398948204,27.436181994741016
4.84,5.488236398948204,27.44118199474102
4.8500000000000005,5.489236398948204,27.44618199474102
4.86,5.490236398948204,27.451181994741017
4.87,5.491236398948204,27.45618199474102
4.88,5.492236398948204,27.461181994741022
4.89,5.493236398948204,27.466181994741017
4.9,5.494236398948204,27.47118199474102
4.91,5.495236398948204,27.476181994741015
4.92,5.496236398948204,27.481181994741018
4.93,5.497236398948204,27.48618199474102
4.94,5.498236398948204,27.491181994741016
4.95,5.499236398948204,27.49618199474102
4.96,5.5002363989482035,27.501181994741017
4.97,5.501236398948204,27.506181994741016
4.98,5.502236398948204,27.51118199474102
4.99,5.503236398948204,27.516181994741018
5.0,5.504236398948204,27.521181994741017
5.01,5.505236398948204,27.52618199474102
5.0200000000000005,5.506236398948204,27.53118199474102
5.03,5.507236398948204,27.536181994741018
5.04,5.508236398948204,27.54118199474102
5.05,5.509236398948204,27.54618199474102
5.0600000000000005,5.510236398948204,27.551181994741018
5.07,5.511236398948204,27.556181994741017
5.08,5.512236398948204,27.56118199474102
5.09,5.513236398948204,27.56618199474102
5.1000000000000005,5.514236398948204,27.571181994741018
5.11,5.515236398948204,27.57618199474102
5.12,5.5162363989482035,27.581181994741016
5.13,5.517236398948204,27.58618199474102
5.14,5.518236398948204,27.59118199474102
5.15,5.519236398948204,27.596181994741016
5.16,5.520236398948204,27.60118199474102
5.17,5.521236398948204,27.60618199474102
5.18,5.522236398948204,27.611181994741017
5.19,5.523236398948204,27.61618199474102
5.2,5.524236398948204,27.621181994741022
5.21,5.525236398948204,27.626181994741017
5.22,5.526236398948204,27.63118199474102
5.23,5.527236398948204,27.636181994741015
5.24,5.528236398948204,27.641181994741018
5.25,5.529236398948204,27.64618199474102
5.26,5.530236398948204,27.651181994741016
5.2700000000000005,5.531236398948204,27.65618199474102
5.28,5.5322363989482035,27.661181994741018
5.29,5.533236398948204,27.666181994741017
5.3,5.534236398948204,27.67118199474102
5.3100000000000005,5.535236398948204,27.676181994741018
5.32,5.536236398948204,27.681181994741017
5.33,5.537236398948204,27.68618199474102
5.34,5.538236398948204,27.69118199474102
5.3500000000000005,5.539236398948204,27.696181994741018
5.36,5.540236398948204,27.70118199474102
5.37,5.541236398948204,27.70618199474102
5.38,5.542236398948204,27.71118199474102
5.39,5.543236398948204,27.716181994741017
5.4,5.544236398948204,27.72118199474102
5.41,5.545236398948204,27.72618199474102
5.42,5.546236398948204,27.731181994741018
5.43,5.547236398948204,27.73618199474102
5.44,5.5482363989482035,27.741181994741016
5.45,5.549236398948204,27.74618199474102
5.46,5.550236398948204,27.75118199474102
5.47,5.551236398948204,27.756181994741016
5.48,5.552236398948204,27.76118199474102
5.49,5.553236398948204,27.76618199474102
5.5,5.554236398948204,27.771181994741017
5.51,5.555236398948204,27.77618199474102
5.5200000000000005,5.556236398948204,27.781181994741022
5.53,5.557236398948204,27.786181994741018
5.54,5.558236398948204,27.79118199474102
5.55,5.559236398948204,27.796181994741016
5.5600000000000005,5.560236398948204,27.801181994741018
5.57,5.561236398948204,27.80618199474102
5.58,5.562236398948204,27.811181994741016
5.59,5.563236398948204,27.81618199474102
5.6000000000000005,5.5642363989482035,27.821181994741018
5.61,5.565236398948204,27.826181994741017
5.62,5.566236398948204,27.83118199474102
5.63,5.567236398948204,27.83618199474102
5.64,5.568236398948204,27.841181994741017
5.65,5.569236398948204,27.84618199474102
5.66,5.570236398948204,27.85118199474102
5.67,5.571236398948204,27.856181994741018
5.68,5.5722363989482036,27.861181994741017
5.69,5.573236398948204,27.86618199474102
5.7,5.574236398948204,27.87118199474102
5.71,5.575236398948204,27.876181994741017
5.72,5.576236398948204,27.88118199474102
5.73,5.577236398948204,27.88618199474102
5.74,5.578236398948204,27.891181994741018
5.75,5.579236398948204,27.89618199474102
5.76,5.580236398948204,27.901181994741016
5.7700000000000005,5.581236398948204,27.90618199474102
5.78,5.582236398948204,27.91118199474102
5.79,5.583236398948204,27.916181994741017
5.8,5.584236398948204,27.92118199474102
5.8100000000000005,5.585236398948204,27.92618199474102
5.82,5.586236398948204,27.931181994741017
5.83,5.587236398948204,27.93618199474102
5.84,5.588236398948204,27.941181994741015
5.8500000000000005,5.589236398948204,27.946181994741018
5.86,5.590236398948204,27.95118199474102
5.87,5.591236398948204,27.956181994741016
5.88,5.592236398948204,27.96118199474102
5.89,5.5932363989482035,27.966181994741017
5.9,5.594236398948204,27.971181994741016
5.91,5.595236398948204,27.97618199474102
5.92,5.596236398948204,27.981181994741018
5.93,5.597236398948204,27.986181994741017
5.94,5.598236398948204,27.99118199474102
5.95,5.599236398948204,27.99618199474102
5.96,5.600236398948204,28.001181994741017
5.97,5.601236398948204,28.00618199474102
5.98,5.602236398948204,28.01118199474102
5.99,5.603236398948204,28.016181994741018
6.0,5.6042363989482045,28.02118199474102
6.01,5.605236398948204,28.02618199474102
6.0200000000000005,5.606236398948204,28.03118199474102
6.03,5.607236398948204,28.036181994741018
6.04,5.608236398948204,28.04118199474102
6.05,5.6092363989482035,28.046181994741016
6.0600000000000005,5.610236398948204,28.051181994741018
6.07,5.611236398948204,28.05618199474102
6.08,5.612236398948204,28.061181994741016
6.09,5.613236398948204,28.06618199474102
6.1000000000000005,5.614236398948204,28.07118199474102
6.11,5.615236398948204,28.076181994741017
6.12,5.616236398948204,28.08118199474102
6.13,5.617236398948204,28.086181994741022
6.140000000000001,5.618236398948204,28.091181994741017
6.15,5.619236398948204,28.09618199474102
6.16,5.6202363989482045,28.101181994741022
6.17,5.621236398948204,28.106181994741018
6.18,5.622236398948204,28.11118199474102
6.19,5.623236398948204,28.116181994741016
6.2,5.624236398948204,28.12118199474102
6.21,5.6252363989482035,28.126181994741017
6.22,5.626236398948204,28.131181994741016
6.23,5.627236398948204,28.13618199474102
6.24,5.628236398948204,28.141181994741018
6.25,5.629236398948204,28.146181994741017
6.26,5.630236398948204,28.15118199474102
6.2700000000000005,5.631236398948204,28.15618199474102
6.28,5.632236398948204,28.161181994741018
6.29,5.633236398948204,28.16618199474102
6.3,5.634236398948204,28.17118199474102
6.3100000000000005,5.635236398948204,28.176181994741018
6.32,5.6362363989482045,28.18118199474102
6.33,5.637236398948204,28.18618199474102
6.34,5.638236398948204,28.19118199474102
6.3500000000000005,5.639236398948204,28.196181994741018
6.36,5.640236398948204,28.20118199474102
6.37,5.6412363989482035,28.206181994741016
6.38,5.642236398948204,28.21118199474102
6.390000000000001,5.643236398948204,28.21618199474102
6.4,5.644236398948204,28.221181994741016
6.41,5.645236398948204,28.22618199474102
6.42,5.646236398948204,28.23118199474102
6.43,5.647236398948204,28.236181994741017
6.44,5.648236398948204,28.24118199474102
6.45,5.649236398948204,28.246181994741022
6.46,5.650236398948204,28.251181994741017
6.47,5.651236398948204,28.25618199474102
6.48,5.6522363989482045,28.261181994741023
6.49,5.653236398948204,28.266181994741018
6.5,5.654236398948204,28.27118199474102
6.51,5.655236398948204,28.276181994741016
6.5200000000000005,5.656236398948204,28.28118199474102
6.53,5.6572363989482035,28.286181994741018
6.54,5.658236398948204,28.291181994741017
6.55,5.659236398948204,28.29618199474102
6.5600000000000005,5.660236398948204,28.301181994741018
6.57,5.661236398948204,28.306181994741017
6.58,5.662236398948204,28.31118199474102
6.59,5.663236398948204,28.31618199474102
6.6000000000000005,5.664236398948204,28.321181994741018
6.61,5.665236398948204,28.32618199474102
6.62,5.666236398948204,28.33118199474102
6.63,5.667236398948204,28.33618199474102
6.640000000000001,5.6682363989482045,28.34118199474102
6.65,5.669236398948204,28.34618199474102
6.66,5.670236398948204,28.35118199474102
6.67,5.671236398948204,28.356181994741018
6.68,5.672236398948204,28.36118199474102
6.69,5.6732363989482035,28.366181994741016
6.7,5.674236398948204,28.37118199474102
6.71,5.675236398948204,28.37618199474102
6.72,5.676236398948204,28.381181994741016
6.73,5.677236398948204,28.38618199474102
6.74,5.678236398948204,28.39118199474102
6.75,5.679236398948204,28.396181994741017
6.76,5.680236398948204,28.40118199474102
6.7700000000000005,5.681236398948204,28.406181994741022
6.78,5.682236398948204,28.411181994741018
6.79,5.683236398948204,28.41618199474102
6.8,5.684236398948204,28.421181994741016
6.8100000000000005,5.685236398948204,28.426181994741018
6.82,5.686236398948204,28.43118199474102
6.83,5.687236398948204,28.436181994741016
6.84,5.688236398948204,28.44118199474102
6.8500000000000005,5.6892363989482035,28.446181994741018
6.86,5.690236398948204,28.451181994741017
6.87,5.691236398948204,28.45618199474102
6.88,5.692236398948204,28.46118199474102
6.890000000000001,5.693236398948204,28.466181994741017
6.9,5.694236398948204,28.47118199474102
6.91,5.695236398948204,28.47618199474102
6.92,5.696236398948204,28.481181994741018
6.93,5.697236398948204,28.48618199474102
6.94,5.698236398948204,28.49118199474102
6.95,5.699236398948204,28.49618199474102
6.96,5.700236398948204,28.501181994741017
6.97,5.701236398948204,28.50618199474102
6.98,5.702236398948204,28.51118199474102
6.99,5.703236398948204,28.516181994741018
7.0,5.704236398948204,28.52118199474102
7.01,5.705236398948204,28.526181994741016
7.0200000000000005,5.706236398948204,28.53118199474102
7.03,5.707236398948204,28.53618199474102
7.04,5.708236398948204,28.541181994741017
7.05,5.709236398948204,28.54618199474102
7.0600000000000005,5.710236398948204,28.55118199474102
7.07,5.711236398948204,28.556181994741017
7.08,5.712236398948204,28.56118199474102
7.09,5.7132363989482045,28.566181994741022
7.1000000000000005,5.714236398948204,28.571181994741018
7.11,5.715236398948204,28.57618199474102
7.12,5.716236398948204,28.581181994741016
7.13,5.717236398948204,28.58618199474102
7.140000000000001,5.718236398948204,28.59118199474102
7.15,5.719236398948204,28.596181994741016
7.16,5.720236398948204,28.60118199474102
7.17,5.721236398948204,28.606181994741018
7.18,5.722236398948204,28.611181994741017
7.19,5.723236398948204,28.61618199474102
7.2,5.724236398948204,28.62118199474102
7.21,5.725236398948204,28.626181994741017
7.22,5.726236398948204,28.63118199474102
7.23,5.727236398948204,28.63618199474102
7.24,5.728236398948204,28.641181994741018
7.25,5.7292363989482045,28.64618199474102
7.26,5.730236398948204,28.65118199474102
7.2700000000000005,5.731236398948204,28.65618199474102
7.28,5.732236398948204,28.661181994741018
7.29,5.733236398948204,28.66618199474102
7.3,5.7342363989482035,28.671181994741016
7.3100000000000005,5.735236398948204,28.676181994741018
7.32,5.736236398948204,28.68118199474102
7.33,5.737236398948204,28.686181994741016
7.34,5.738236398948204,28.69118199474102
7.3500000000000005,5.739236398948204,28.69618199474102
7.36,5.740236398948204,28.701181994741017
7.37,5.741236398948204,28.70618199474102
7.38,5.742236398948204,28.711181994741022
7.390000000000001,5.743236398948204,28.716181994741017
7.4,5.744236398948204,28.72118199474102
7.41,5.7452363989482045,28.726181994741022
7.42,5.746236398948204,28.731181994741018
7.43,5.747236398948204,28.73618199474102
7.44,5.748236398948204,28.741181994741016
7.45,5.749236398948204,28.74618199474102
7.46,5.7502363989482035,28.751181994741017
7.47,5.751236398948204,28.756181994741016
7.48,5.752236398948204,28.76118199474102
7.49,5.753236398948204,28.766181994741018
7.5,5.754236398948204,28.771181994741017
7.51,5.755236398948204,28.77618199474102
7.5200000000000005,5.756236398948204,28.78118199474102
7.53,5.757236398948204,28.786181994741018
7.54,5.758236398948204,28.79118199474102
7.55,5.759236398948204,28.79618199474102
7.5600000000000005,5.760236398948204,28.801181994741018
7.57,5.7612363989482045,28.80618199474102
7.58,5.762236398948204,28.81118199474102
7.59,5.763236398948204,28.81618199474102
7.6000000000000005,5.764236398948204,28.821181994741018
7.61,5.765236398948204,28.82618199474102
7.62,5.7662363989482035,28.831181994741016
7.63,5.767236398948204,28.83618199474102
7.640000000000001,5.768236398948204,28.84118199474102
7.65,5.769236398948204,28.846181994741016
7.66,5.770236398948204,28.85118199474102
7.67,5.771236398948204,28.85618199474102
7.68,5.772236398948204,28.861181994741017
7.69,5.773236398948204,28.86618199474102
7.7,5.774236398948204,28.871181994741022
7.71,5.775236398948204,28.876181994741017
7.72,5.776236398948204,28.88118199474102
7.73,5.7772363989482045,28.886181994741023
7.74,5.778236398948204,28.891181994741018
7.75,5.779236398948204,28.89618199474102
7.76,5.780236398948204,28.901181994741016
7.7700000000000005,5.781236398948204,28.90618199474102
7.78,5.7822363989482035,28.911181994741018
7.79,5.783236398948204,28.916181994741017
7.8,5.784236398948204,28.92118199474102
7.8100000000000005,5.785236398948204,28.926181994741018
7.82,5.786236398948204,28.931181994741017
7.83,5.787236398948204,28.93618199474102
7.84,5.788236398948204,28.94118199474102
7.8500000000000005,5.789236398948204,28.946181994741018
7.86,5.790236398948204,28.95118199474102
7.87,5.791236398948204,28.95618199474102
7.88,5.792236398948204,28.96118199474102
7.890000000000001,5.7932363989482045,28.96618199474102
7.9,5.794236398948204,28.97118199474102
7.91,5.795236398948204,28.97618199474102
7.92,5.796236398948204,28.981181994741018
7.930000000000001,5.797236398948204,28.98618199474102
7.94,5.7982363989482035,28.991181994741016
7.95,5.799236398948204,28.99618199474102
7.96,5.800236398948204,29.00118199474102
7.97,5.801236398948204,29.006181994741016
7.98,5.802236398948204,29.01118199474102
7.99,5.803236398948204,29.01618199474102
8.0,5.804236398948204,29.021181994741017
8.01,5.805236398948204,29.02618199474102
8.02,5.806236398948204,29.031181994741022
8.03,5.807236398948204,29.036181994741018
8.040000000000001,5.808236398948204,29.04118199474102
8.05,5.8092363989482045,29.046181994741023
8.06,5.810236398948204,29.051181994741018
8.07,5.811236398948204,29.05618199474102
8.08,5.812236398948204,29.061181994741016
8.09,5.813236398948204,29.06618199474102
8.1,5.8142363989482035,29.071181994741018
8.11,5.815236398948204,29.076181994741017
8.120000000000001,5.816236398948204,29.08118199474102
8.13,5.817236398948204,29.08618199474102
8.14,5.818236398948204,29.091181994741017
8.15,5.819236398948204,29.09618199474102
8.16,5.820236398948204,29.10118199474102
8.17,5.821236398948204,29.106181994741018
8.18,5.822236398948204,29.11118199474102
8.19,5.823236398948204,29.11618199474102
8.2,5.824236398948204,29.12118199474102
8.21,5.8252363989482046,29.12618199474102
8.22,5.826236398948204,29.13118199474102
8.23,5.827236398948204,29.13618199474102
8.24,5.828236398948204,29.141181994741018
8.25,5.829236398948204,29.14618199474102
8.26,5.830236398948204,29.151181994741016
8.27,5.831236398948204,29.15618199474102
8.28,5.832236398948204,29.16118199474102
8.290000000000001,5.833236398948204,29.166181994741017
8.3,5.834236398948204,29.17118199474102
8.31,5.835236398948204,29.17618199474102
8.32,5.836236398948204,29.181181994741017
8.33,5.837236398948204,29.18618199474102
8.34,5.8382363989482045,29.191181994741022
8.35,5.839236398948204,29.196181994741018
8.36,5.840236398948204,29.20118199474102
8.370000000000001,5.841236398948205,29.206181994741023
8.38,5.842236398948204,29.21118199474102
8.39,5.843236398948204,29.21618199474102
8.4,5.844236398948204,29.221181994741016
8.41,5.845236398948204,29.22618199474102
8.42,5.846236398948204,29.231181994741018
8.43,5.847236398948204,29.236181994741017
8.44,5.848236398948204,29.24118199474102
8.45,5.849236398948204,29.24618199474102
8.46,5.850236398948204,29.251181994741017
8.47,5.851236398948204,29.25618199474102
8.48,5.852236398948204,29.26118199474102
8.49,5.853236398948204,29.266181994741018
8.5,5.8542363989482045,29.27118199474102
8.51,5.855236398948204,29.27618199474102
8.52,5.856236398948204,29.28118199474102
8.53,5.857236398948204,29.286181994741018
8.540000000000001,5.858236398948204,29.29118199474102
8.55,5.859236398948204,29.29618199474102
8.56,5.860236398948204,29.301181994741018
8.57,5.861236398948204,29.30618199474102
8.58,5.862236398948204,29.311181994741016
8.59,5.863236398948204,29.31618199474102
8.6,5.864236398948204,29.32118199474102
8.61,5.865236398948204,29.326181994741017
8.620000000000001,5.866236398948204,29.33118199474102
8.63,5.867236398948204,29.336181994741022
8.64,5.868236398948204,29.341181994741017
8.65,5.869236398948204,29.34618199474102
8.66,5.8702363989482045,29.351181994741022
8.67,5.871236398948204,29.356181994741018
8.68,5.872236398948204,29.36118199474102
8.69,5.873236398948204,29.366181994741016
8.700000000000001,5.874236398948204,29.37118199474102
8.71,5.875236398948204,29.37618199474102
8.72,5.876236398948204,29.381181994741016
8.73,5.877236398948204,29.38618199474102
8.74,5.878236398948204,29.391181994741018
8.75,5.879236398948204,29.396181994741017
8.76,5.880236398948204,29.40118199474102
8.77,5.881236398948204,29.40618199474102
8.78,5.882236398948204,29.411181994741018
8.790000000000001,5.883236398948204,29.41618199474102
8.8,5.884236398948204,29.42118199474102
8.81,5.885236398948204,29.426181994741018
8.82,5.8862363989482045,29.43118199474102
8.83,5.887236398948204,29.43618199474102
8.84,5.888236398948204,29.44118199474102
8.85,5.889236398948204,29.446181994741018
8.86,5.890236398948204,29.45118199474102
8.870000000000001,5.891236398948204,29.45618199474102
8.88,5.892236398948204,29.46118199474102
8.89,5.893236398948204,29.46618199474102
8.9,5.894236398948204,29.471181994741016
8.91,5.895236398948204,29.47618199474102
8.92,5.896236398948204,29.48118199474102
8.93,5.897236398948204,29.486181994741017
8.94,5.898236398948204,29.49118199474102
8.950000000000001,5.899236398948204,29.496181994741022
8.96,5.900236398948204,29.501181994741017
8.97,5.901236398948204,29.50618199474102
8.98,5.9022363989482045,29.511181994741023
8.99,5.903236398948204,29.516181994741018
9.0,5.904236398948204,29.52118199474102
9.01,5.905236398948204,29.526181994741016
9.02,5.906236398948204,29.53118199474102
9.03,5.9072363989482035,29.536181994741018
9.040000000000001,5.908236398948204,29.541181994741017
9.05,5.909236398948204,29.54618199474102
9.06,5.910236398948204,29.551181994741018
9.07,5.911236398948204,29.556181994741017
9.08,5.912236398948204,29.56118199474102
9.09,5.913236398948204,29.56618199474102
9.1,5.914236398948204,29.571181994741018
9.11,5.915236398948204,29.57618199474102
9.120000000000001,5.916236398948204,29.58118199474102
9.13,5.917236398948204,29.58618199474102
9.14,5.9182363989482045,29.59118199474102
9.15,5.919236398948204,29.59618199474102
9.16,5.920236398948204,29.60118199474102
9.17,5.921236398948204,29.606181994741018
9.18,5.922236398948204,29.61118199474102
9.19,5.9232363989482035,29.616181994741016
9.200000000000001,5.924236398948204,29.62118199474102
9.21,5.925236398948204,29.62618199474102
9.22,5.926236398948204,29.631181994741016
9.23,5.927236398948204,29.63618199474102
9.24,5.928236398948204,29.64118199474102
9.25,5.929236398948204,29.646181994741017
9.26,5.930236398948204,29.65118199474102
9.27,5.931236398948204,29.656181994741022
9.28,5.932236398948204,29.661181994741018
9.290000000000001,5.933236398948204,29.66618199474102
9.3,5.9342363989482045,29.671181994741023
9.31,5.935236398948204,29.676181994741018
9.32,5.936236398948204,29.68118199474102
9.33,5.937236398948204,29.686181994741016
9.34,5.938236398948204,29.69118199474102
9.35,5.9392363989482035,29.696181994741018
9.36,5.940236398948204,29.701181994741017
9.370000000000001,5.941236398948204,29.70618199474102
9.38,5.942236398948204,29.71118199474102
9.39,5.943236398948204,29.716181994741017
9.4,5.944236398948204,29.72118199474102
9.41,5.945236398948204,29.72618199474102
9.42,5.946236398948204,29.731181994741018
9.43,5.947236398948204,29.73618199474102
9.44,5.948236398948204,29.74118199474102
9.450000000000001,5.949236398948204,29.74618199474102
9.46,5.9502363989482046,29.75118199474102
9.47,5.951236398948204,29.75618199474102
9.48,5.952236398948204,29.76118199474102
9.49,5.953236398948204,29.766181994741018
9.5,5.954236398948204,29.77118199474102
9.51,5.955236398948204,29.776181994741016
9.52,5.956236398948204,29.78118199474102
9.53,5.957236398948204,29.78618199474102
9.540000000000001,5.958236398948204,29.791181994741017
9.55,5.959236398948204,29.79618199474102
9.56,5.960236398948204,29.80118199474102
9.57,5.961236398948204,29.806181994741017
9.58,5.962236398948204,29.81118199474102
9.59,5.9632363989482045,29.816181994741022
9.6,5.964236398948204,29.821181994741018
9.61,5.965236398948204,29.82618199474102
9.620000000000001,5.966236398948205,29.831181994741023
9.63,5.967236398948204,29.83618199474102
9.64,5.968236398948204,29.84118199474102
9.65,5.969236398948204,29.846181994741016
9.66,5.970236398948204,29.85118199474102
9.67,5.971236398948204,29.856181994741018
9.68,5.972236398948204,29.861181994741017
9.69,5.973236398948204,29.86618199474102
9.700000000000001,5.974236398948204,29.87118199474102
9.71,5.975236398948204,29.876181994741017
9.72,5.976236398948204,29.88118199474102
9.73,5.977236398948204,29.88618199474102
9.74,5.978236398948204,29.891181994741018
9.75,5.9792363989482045,29.89618199474102
9.76,5.980236398948204,29.90118199474102
9.77,5.981236398948204,29.90618199474102
9.78,5.982236398948204,29.911181994741018
9.790000000000001,5.983236398948204,29.91618199474102
9.8,5.984236398948204,29.92118199474102
9.81,5.985236398948204,29.926181994741018
9.82,5.986236398948204,29.93118199474102
9.83,5.987236398948204,29.936181994741016
9.84,5.988236398948204,29.94118199474102
9.85,5.989236398948204,29.94618199474102
9.86,5.990236398948204,29.951181994741017
9.870000000000001,5.991236398948204,29.95618199474102
9.88,5.992236398948204,29.961181994741022
9.89,5.993236398948204,29.966181994741017
9.9,5.994236398948204,29.97118199474102
9.91,5.9952363989482045,29.976181994741022
9.92,5.996236398948204,29.981181994741018
9.93,5.997236398948204,29.98618199474102
9.94,5.998236398948204,29.991181994741016
9.950000000000001,5.999236398948204,29.99618199474102
9.96,6.000236398948204,30.00118199474102
9.97,6.001236398948204,30.006181994741016
9.98,6.002236398948204,30.01118199474102
9.99,6.003236398948204,30.016181994741018
10.0,6.004236398948204,30.021181994741017
